event_id,name_of_incident,year,country,place_name,type_of_event,historical_character,description,first_person_strategy,mistakes_reflection,modern_strategy,,
EVT_00001,Crossing the Alps,-218,Tunisia,Alps Mountains,Military Campaign,Hannibal Barca,"Led 50,000 infantry, 9,000 cavalry, and 37 war elephants across the treacherous Alps to invade Italy. Lost nearly half my forces, but the psychological impact was immense. Rome never expected an attack from the north.","I knew Rome controlled the seas after our defeat in the First Punic War. The only path to victory was the unexpected one. The Alps were considered impossible - that's precisely why I chose them. My strategy relied on speed, surprise, and the element of fear.",My greatest mistake was not marching on Rome immediately after Cannae. I waited for reinforcements that never came. I also underestimated Rome's ability to endure losses and rally their allies.,"Today, I would focus on cutting supply lines and communication networks - the digital equivalent of isolating Rome. Cyber warfare and information campaigns would replace elephants. But the core principle remains: attack where your enemy feels safest.",,
EVT_00002,Battle of Cannae,-216,Tunisia,"Cannae, Apulia",Battle,Hannibal Barca,"My greatest tactical victory. With 50,000 men, I encircled and destroyed a Roman army of 86,000. The double envelopment maneuver is still studied in military academies today. We killed 50,000-70,000 Romans in a single day.","I used my weakest troops in the center, deliberately letting them bend backward under Roman pressure. Meanwhile, my cavalry destroyed theirs on the flanks, then closed the trap from behind. The Romans were so focused on pushing forward, they didn't see the jaws closing around them.","After this crushing victory, I still didn't march on Rome. Maharbal, my cavalry commander, told me: 'You know how to win a victory, Hannibal, but not how to use it.' He was right. Political caution cost me the war.","Modern warfare would use this same principle: fix the enemy's attention in one place while maneuvering decisively elsewhere. In cyber terms, a distributed denial-of-service attack in front while backdoor exploits hit from the sides.",,
EVT_00003,Lack of Reinforcements from Carthage,-215,Tunisia,Carthage Senate,Political Decision,Hannibal Barca,"The Carthaginian Senate, led by the Hanno faction, refused to send me adequate reinforcements and supplies. They prioritized Spain and saw my Italian campaign as too risky. This political betrayal sealed our fate.","My strategy required sustained pressure on Rome while building alliances with Italian cities. But without fresh troops and siege equipment, I couldn't take fortified cities. I became a wolf among sheep, dangerous but unable to break into the fold.",I relied too heavily on support from home. I should have built more sustainable logistics in Italy itself or forced Carthage's hand with even more dramatic victories. My father Hamilcar taught me to never depend on politicians.,"In modern terms, this is a supply chain and political alignment problem. I would secure funding and resources before committing forces. Crowdfunding a war through allied city-states? Perhaps. But never again would I fight without guaranteed logistics.",,
EVT_00004,Battle of Zama - Final Defeat,-202,Tunisia,"Zama, North Africa",Battle,Hannibal Barca,"Recalled to Africa after 15 years in Italy, I faced Scipio Africanus at Zama. My elephants were ineffective, my cavalry was inferior, and my infantry was no match for Rome's veteran legions. We lost, and Carthage sued for peace.","I tried to use my elephants as shock troops, but Scipio had learned from fighting me. He opened corridors in his formation, letting the elephants pass harmlessly through. His Numidian cavalry, former allies of mine, crushed my wings. I was beaten by my own tactics.","This defeat wasn't about tactics - it was inevitable after years of strategic errors. I should have secured Africa first, then invaded Italy. I should have destroyed Rome when I had the chance. I let them survive, and they learned from me.","Today's lesson: finish what you start. In business or war, a wounded competitor who survives will study your methods and return stronger. Scipio was my student - he learned everything from fighting me. That's how Rome ultimately won.",,
EVT_00005,The Fall of Carthage,-146,Tunisia,Carthage,Siege,Hannibal Barca,"Though I died in exile in -183, I lived to see Carthage reduced to a Roman client state. Forty years after my death, Rome destroyed Carthage completely in the Third Punic War. The city was burned, and legend says they salted the earth. My worst fear realized.",My entire strategy was to prevent this outcome. I wanted to break Rome before they could break us. I understood that Rome's system of alliances and their refusal to surrender made them uniquely dangerous. Carthage was a trading empire; Rome was a military machine.,"Looking back across the centuries, Carthage's fall was overdetermined. We were merchants who hired soldiers; they were citizens who fought. We sought profit; they sought glory and security. My tactical genius couldn't overcome this structural disadvantage.","If I could advise Carthage today: transform your culture before war comes. A nation of merchants cannot defeat a nation of warriors unless they become warriors too. Or better - make war obsolete through economic interdependence. But once the war drums sound, you must commit totally or not at all.",,
EVT_00006,Battle of Trebia,-218,Tunisia,Trebia River,Battle,Hannibal Barca,"My first major victory in Italy. I lured the Roman army across an icy river at dawn, then ambushed them with hidden troops. The freezing Romans were slaughtered - 30,000 casualties. Sempronius learned too late: never fight on enemy terms.","I positioned my brother Mago with 1,000 cavalry and 1,000 infantry in hidden ravines overnight. At dawn, I provoked the Romans to charge across the frozen river. When they were exhausted and cold, Mago struck from behind. Perfect execution.","I should have pursued the survivors more aggressively. 10,000 Romans escaped to Placentia and would fight another day. In war, mercy is often cruelty - the enemy you spare today will kill your soldiers tomorrow.","Modern special operations follow this pattern: reconnaissance, positioning, deception, ambush. Whether in business negotiations or military operations, control the terrain and timing. Make your opponent fight when and where you choose.",,
EVT_00007,Battle of Lake Trasimene,-217,Tunisia,Lake Trasimene,Battle,Hannibal Barca,"Set the perfect ambush in the foggy morning near Lake Trasimene. The Roman army marched along the narrow lakeside path, and my troops attacked from the hills. 15,000 Romans died, including Consul Flaminius. Some drowned trying to escape.","I knew the Romans would pursue me aggressively after Trebia. I chose terrain that nullified their numerical advantage - a narrow defile where they couldn't deploy their formations. The fog was luck, but I positioned my forces to exploit any weather.","After Trasimene, I should have marched directly on Rome. The city was in panic, nearly defenseless. But I still hoped Carthage would send reinforcements and that Italian allies would join me. I waited for support that never came.","Today, this is information warfare: obscure your intentions, create confusion, strike when the enemy is blind and disoriented. Cyber attacks that disable communications before conventional strikes. Fog of war, literally and metaphorically.",,
EVT_00008,Siege of Saguntum,-219,Tunisia,Saguntum,Siege,Hannibal Barca,"Besieged the Spanish city of Saguntum for eight months, despite Roman warnings to stop. The city's fall triggered the Second Punic War. Rome claimed Saguntum was under their protection; I claimed it violated Carthage's sphere of influence. Both were right.","Saguntum was a test: would Rome go to war over a distant Spanish city? I gambled they would back down. When they didn't, I had already committed Carthage to war. But I was prepared - my army was battle-hardened and ready.","Starting a war through a siege of a minor city seems foolish in hindsight. I gave Rome the moral high ground and time to prepare. A surprise invasion might have been wiser. But then again, I needed to test Rome's resolve.","Modern parallels: proxy conflicts that escalate into full wars. Ukraine, Taiwan - small territories that trigger great power confrontation. The lesson: understand what your opponent will actually fight for, not what they say they'll fight for.",,
EVT_00009,Oath of Eternal Hatred,-237,Tunisia,Carthage,Political Decision,Hannibal Barca,"At nine years old, my father Hamilcar made me swear eternal hatred of Rome at the altar. I placed my hand on the sacrifice and vowed never to be Rome's friend. That oath shaped my entire life.","My father understood that Carthage's defeat in the First Punic War was not final - it was intermission. He raised me to be Rome's nemesis, training me in strategy, languages, and warfare. The oath gave me purpose and direction.","An oath sworn in childhood is a heavy burden. Perhaps I should have questioned it as an adult. My hatred of Rome was personal as well as political, and personal emotions cloud judgment. A cold, calculating general might have made better choices.","Today, this is ideological programming - raising children with unquestioning belief systems. It creates fierce warriors but inflexible thinkers. Better to teach critical thinking while instilling values. Hatred is a poor foundation for strategy.",,
EVT_00010,Death in Exile,-183,Tunisia,Bithynia,Political Decision,Hannibal Barca,"After Zama, I served Carthage as a civilian administrator, but Roman pressure forced me into exile. I wandered from court to court - Syria, Armenia, Bithynia. When Rome demanded my extradition, I took poison rather than surrender. 'Let us relieve the Romans of their anxiety.'","Even in exile, I advised kings against Rome and tried to forge anti-Roman alliances. I never stopped fighting. But without an army or a state, I was just an old general haunting the edges of Rome's world.","I should have accepted peace after Zama. Carthage needed me as an administrator, not a perpetual rebel. My continued resistance gave Rome the excuse to destroy Carthage after my death. Sometimes surrender is wisdom.","Modern lesson: know when your time is over. Clinging to past glory prevents necessary adaptation. But also: die on your terms, not theirs. The manner of your death defines your legacy as much as your life.",,
EVT_00011,Establishing Carthago Nova,-228,Tunisia,Carthago Nova,Cultural Reform,Hamilcar Barca,Founded New Carthage in Spain as our base for rebuilding power after the First Punic War. The silver mines nearby financed a new army. Rome took our Mediterranean empire; we would build another in Iberia.,"After our defeat, Carthage was bankrupt and demoralized. I saw that Spain's resources - silver, grain, manpower - could restore our power. I spent nine years conquering and administering Iberia, creating the army my son Hannibal would inherit.","I perhaps pushed expansion too aggressively, alarming Rome. A slower, more diplomatic approach might have avoided the Second Punic War. But I also knew that Rome would never tolerate a strong Carthage, so conflict was inevitable.","Modern equivalent: after a corporate defeat, pivot to new markets. Geographic diversification, new revenue streams. Don't fight the last war - build power in spaces your rival hasn't dominated yet.",,
EVT_00012,Mercenary Revolt Suppression,-238,Tunisia,Carthage,Battle,Hamilcar Barca,"Carthage couldn't pay its mercenaries after losing the First Punic War. They revolted, besieging Carthage itself. I defeated them through brutal tactics - crucifying prisoners, starving out strongholds. The revolt nearly destroyed us.","The mercenaries had legitimate grievances, but their revolt threatened Carthage's existence. I couldn't negotiate from weakness. I used their divisions against them, offering mercy to some while annihilating others. Divide and conquer.","The revolt happened because Carthage treated soldiers as disposable tools. We should have honored our obligations and paid them, even if it meant higher taxes. Loyalty is expensive, but betrayal is catastrophic.","Modern lesson: pay your people, especially your security forces. Militaries, police, contractors - if you don't pay them, they become your enemy. And they know all your vulnerabilities.",,
EVT_00013,Treaty After First Punic War,-241,Tunisia,Carthage,Diplomatic Negotiation,Hanno the Great,"Negotiated the devastating peace treaty with Rome after our naval defeat. We paid 3,200 talents over ten years, abandoned Sicily, and agreed not to recruit mercenaries in Italy. I advocated acceptance; others wanted to fight on.","Carthage was exhausted, our fleet destroyed, our treasury empty. Continuing the war meant certain destruction. The terms were harsh, but they preserved Carthage itself. Sometimes survival is victory.",I opposed Hamilcar's Spanish adventures because they risked provoking Rome again. I was right - his policies led to the Second Punic War and Carthage's ultimate destruction. But I was also too cautious. A nation that never risks never rises.,"Modern diplomacy after corporate defeat: accept harsh terms, rebuild quietly, wait for opportunities. Don't let pride destroy you. But also: complete submission invites contempt. Maintain some leverage, some dignity.",,
EVT_00014,Opposing Hannibal's War,-218,Tunisia,Carthage Senate,Political Decision,Hanno the Great,"Argued vehemently in the Senate against supporting Hannibal's Italian campaign. I called it reckless adventurism that would bring Rome's wrath upon us. The war party shouted me down. I was proven right, but it gave me no satisfaction.","I represented Carthage's merchant class. We wanted peace, trade, and prosperity - not glorious wars. Hannibal's strategy was brilliant but ultimately suicidal. Rome was too large, too resilient to defeat.","Perhaps I should have compromised - support the war but with conditions, ensuring adequate logistics and realistic goals. My absolute opposition left me without influence when the war began. Better to shape policy than refuse participation.","Modern parallel: corporate board members who oppose risky strategies. If you can't stop the decision, at least influence its execution. Otherwise you're just saying 'I told you so' amid the ruins.",,
EVT_00015,Agricultural Reforms,-200,Tunisia,Carthage,Cultural Reform,Hanno the Great,"Promoted agricultural development in Africa as an alternative to military expansion. Carthage could be prosperous through trade and farming, not conquest. My policies enriched the landowners but didn't create the glory that masses craved.","Sustainable prosperity comes from productive assets - farms, mines, trade networks - not military plunder. I wanted to make Carthage rich through peace. But try explaining compound interest to soldiers who want glory.","I failed to appreciate the psychological need for national purpose beyond wealth. Rome offered its citizens glory, expansion, and meaning. I offered them profits. Profits don't inspire songs. Perhaps I was too much the accountant, too little the poet.","Modern lesson: companies need mission and vision, not just profits. Employees want purpose. Nations want greatness. Pure materialism is never enough. But also: civilizations that chase glory often end in ashes.",,
EVT_00016,Founding the Kingdom of Numidia,-203,Tunisia,Cirta,Political Decision,Masinissa,"Unified Numidia into a powerful kingdom with Roman support. I fought alongside Scipio at Zama, providing the cavalry that destroyed Hannibal. Rome rewarded me with territory and independence. Carthage would never forgive my betrayal.","I saw that Carthage was doomed and Rome was rising. I chose the winning side. As a cavalry commander, I understood mobility and adaptation - the same principles apply to politics. Loyalty to dead causes is just slow suicide.","My betrayal of Carthage ensured its destruction. Rome used me to weaken Carthage, then eventually absorbed Numidia too after my death. I thought I was being pragmatic, but I was just a tool. Perhaps there's no good choice between two empires.","Modern equivalent: smaller nations playing great powers against each other. Sometimes it works (Singapore, Switzerland). Often you're just delaying absorption. But a few decades of independence is better than immediate conquest.",,
EVT_00017,Raids on Carthaginian Territory,-150,Tunisia,Carthaginian Borderlands,Military Campaign,Masinissa,"Spent my final years raiding Carthaginian territory, seizing their richest lands. Carthage couldn't fight back without Roman permission. Each raid made them weaker and me stronger. Rome encouraged this - they wanted Carthage destroyed.","I understood that Rome was using me to provoke Carthage into violating the peace treaty. If Carthage attacked me, Rome would have an excuse for war. If they didn't, they would slowly bleed to death. Either way, I profited.",I lived to see the Third Punic War begin and Carthage destroyed. My raids helped cause it. Thousands died because of my greed for land. An old man's ambition shouldn't cost so many lives. But would restraint have changed anything?,"Modern lesson: proxy conflicts where great powers manipulate smaller states into destroying each other. The small states think they're pursuing their interests, but they're really just pawns. Ukraine, Yemen, Syria - the pattern repeats.",,
EVT_00018,Unifying Numidian Tribes,-210,Tunisia,Numidia,Political Decision,Masinissa,"United the fractious Numidian tribes under my rule through marriage, warfare, and diplomacy. Created a standing army trained in both cavalry tactics and infantry warfare. Made Numidia a power that both Rome and Carthage had to respect.",The tribes were strong individually but weak divided. I offered them something bigger than their petty feuds: a unified nation. Those who joined me thrived; those who resisted were destroyed. Unity through strength.,"Unity imposed by force is fragile. After my death, Numidia fractured again into tribal conflicts. I should have built institutions, not just personal loyalty. A kingdom that depends on one man dies with him.","Modern nation-building faces the same problem: how to create loyalty to abstract institutions rather than personal leaders. Successful states build bureaucracies, constitutions, shared identities. Failed states are just one strongman's fiefdom.",,
EVT_00019,Alliance with Rome at Zama,-202,Tunisia,Zama,Battle,Masinissa,"My cavalry turned the tide at Zama. While Hannibal's elephants were neutralized and his infantry fought desperately, my horsemen destroyed his cavalry, then returned to attack from behind. We crushed Carthage's last army.","Scipio promised me territory and Rome's friendship. Hannibal offered nothing but shared doom. The choice was obvious. In war, sentiment is suicide. I chose survival and prosperity over dying for a lost cause.","My descendants would learn that Rome's friendship is temporary. Once Carthage was gone, we became Rome's next target. Should I have supported Hannibal? No - but I shouldn't have trusted Rome either. There was probably no good choice.","Modern lesson: alliances with superpowers are conveniences, not friendships. The US abandons allies when convenient. China exploits partners. Play great powers against each other, but never fully trust either. And always have an exit strategy.",,
EVT_00020,Revolt Against Carthage,-240,Tunisia,Libya,Battle,Libyan Rebels,"We Libyan subjects of Carthage rose in revolt when they couldn't pay their mercenary soldiers. We had endured generations of exploitation, heavy taxes, and harsh treatment. The Mercenary War was our chance for freedom.",Carthage was weak after losing to Rome. Their unpaid mercenaries were angry. We saw an opportunity to throw off their yoke. We nearly succeeded - Carthage itself was besieged. But Hamilcar Barca crushed us brutally.,"We lacked unity and leadership. Our revolt was driven by rage, not strategy. We committed atrocities that hardened Carthaginian resolve. A more disciplined rebellion with clear political goals might have succeeded or at least won concessions.","Modern insurgencies face similar challenges: how to maintain discipline, avoid atrocities, build international support. Successful independence movements (Vietnam, Algeria) had ideology and organization. Failed revolts are just destructive rage.",,
EVT_00021,Trade Mission to Sub-Saharan Africa,-450,Tunisia,Carthage Harbor,Diplomatic Negotiation,Hanno the Navigator,"Led a fleet of 60 ships and 30,000 colonists down the African coast, establishing trading posts and colonies. We sailed beyond known waters, encountering exotic peoples, strange animals, and uncharted lands.","Carthage's power was built on trade networks. By exploring the African coast, we opened new markets for gold, ivory, and slaves. The journey was dangerous, but commerce requires courage. We were merchants, but also pioneers.","We lost many colonists to disease and hostile locals. Perhaps we expanded too quickly, stretched our resources too thin. Several colonies failed. But the successful ones paid for all the failures many times over.","Modern equivalent: venture capital and startup expansion. Spread resources across many risky ventures. Most fail, but the successes fund everything. Amazon started selling books; now they're everything. Diversification and boldness.",,
EVT_00022,Encountering the Gorillas,-450,Tunisia,West African Coast,Scientific Discovery,Hanno the Navigator,"On the African coast, we encountered strange creatures our interpreters called 'gorillai' - wild, hairy people who threw rocks and climbed trees. We captured three females but couldn't tame them. Their preserved skins we brought back to Carthage.","We were explorers and traders, but also observers. Every new sight, every strange animal or plant was valuable knowledge. I recorded everything carefully. Knowledge is wealth, sometimes more than gold.","We treated the gorillas brutally, trying to force them to behave like humans. We didn't understand they were animals. Our interpreters thought they were wild people. Ignorance led to cruelty. Better observation would have revealed the truth.","Modern lesson: approach the unknown with scientific curiosity, not assumptions. Whether new markets, technologies, or cultures - observe, learn, adapt. The gorillas taught me that the world is stranger than we imagine.",,
EVT_00023,Phoenician Colonial Expansion,-814,Tunisia,Carthage,Cultural Reform,Dido (Elissa),"Founded Carthage after fleeing Tyre. My brother killed my husband for his wealth, so I escaped with loyal followers. I bought land from the Berbers - as much as an oxhide could encompass. I cut the hide into thin strips and encircled a hill. Byrsa was born.","Survival required cunning. The Berbers wouldn't sell much land to refugees. But they agreed to the oxhide deal, amused by the limitation. When I enclosed an entire hill, they admired the cleverness. Wit can be worth more than wealth.","Perhaps I should have negotiated more openly rather than tricking the Berbers. The legend of my cunning spread, but so did resentment. Carthage's later conflicts with Berber tribes might have been avoided with a more honest foundation.","Modern business: the clever contract loophole, the creative interpretation. Sometimes brilliant, sometimes it builds resentment. Better to be fair and clear. But when negotiating from weakness, cleverness is survival.",,
EVT_00024,Resistance to Forced Marriage,-814,Tunisia,Carthage,Political Decision,Dido (Elissa),"The local Berber king demanded I marry him. Refusal meant war for young Carthage. Rather than submit or doom my people, I built a funeral pyre, pretending to perform rites for my dead husband. Then I threw myself into the flames. Freedom or death.",I understood that my marriage would make Carthage a vassal state. My death preserved our independence. A city needs its dignity more than it needs one life. Leadership is sacrifice.,"Perhaps I could have found a diplomatic solution - marry him but maintain separate authority, or arrange an alliance through someone else. My dramatic suicide solved the immediate crisis but left Carthage without its founder.","Modern parallel: founders who refuse acquisition offers, maintaining independence at personal cost. Sometimes they're right (Apple refusing IBM). Sometimes they're stubborn fools. But dignity matters.",,
EVT_00025,Establishment of Republic,-480,Tunisia,Carthage,Political Decision,Carthaginian Senate,"Overthrew the monarchy and established a republic governed by suffetes (chief magistrates) and the Senate. Power would be distributed, not concentrated. We learned from watching Greek city-states and early Rome.","Monarchies depend on the virtue of one person. We saw too many bad kings destroy their nations. A republic spreads risk and prevents tyranny. Our Senate represented merchant families, ensuring economic wisdom guided policy.","Our republic became oligarchic - only wealthy families had power. The masses were excluded. This caused resentment and instability. Rome's republic gave more voice to common citizens (at least theoretically), making it more stable.",Modern lesson: inclusive governance is more stable than exclusive. Democracies survive longer than autocracies. But also: pure democracy is mob rule. Balance is hard. Too much centralization breeds tyranny; too much distribution breeds chaos.,,
EVT_00026,First Punic War Naval Defeat,-241,Tunisia,Aegates Islands,Battle,Carthaginian Navy,"Our fleet was destroyed by Rome at the Aegates Islands. We lost 120 ships and the war. Rome had learned naval warfare from us, then built a larger fleet. We invented the game; they mastered it.","Our strategy was to avoid decisive battle until we rebuilt our strength. But Rome forced the confrontation when we tried to resupply our army in Sicily. Our crews were inexperienced, our ships poorly maintained. We were defeated before the battle began.",We should have surrendered Sicily earlier rather than fight a war we couldn't win. Pride cost us thousands of lives and our treasury. Sometimes retreat is wisdom. But Carthaginian honor demanded we fight until defeat was undeniable.,"Modern military lesson: don't fight when logistics are against you. Corporate lesson: don't compete in markets where the rival has structural advantages. Pick battles you can win, abandon losing positions quickly.",,
EVT_00027,Sacred Band Formation,-350,Tunisia,Carthage,Military Campaign,Carthaginian Army,"Created the Sacred Band of Carthage - 2,500 elite citizen soldiers. Unlike our usual mercenary armies, these were wealthy Carthaginians fighting for their city. They wore white tunics and Greek-style armor. Pride made them formidable.","Mercenaries fight for pay; citizens fight for survival. The Sacred Band was our answer to Greek hoplites and Roman legions. When money fails, ideology and patriotism sustain armies. We needed a core of true believers.","The Sacred Band was destroyed at the Battle of the Crimissus. We lost our best citizens in one day. Rebuilding took generations. Elite units are powerful but irreplaceable. We should have kept them in reserve, not risked them recklessly.","Modern equivalent: core company employees versus contractors. You need both, but your permanent staff is irreplaceable. Invest in them, but don't risk them unnecessarily. Consultants are disposable; your culture is not.",,
EVT_00028,Aghlabid Dynasty Founding,800,Tunisia,Kairouan,Political Decision,Ibrahim ibn al-Aghlab,"Founded the Aghlabid dynasty as nominal governors for the Abbasid Caliphate, but effectively independent rulers of Ifriqiya. Balanced loyalty to Baghdad with local autonomy. Built mosques, palaces, and expanded irrigation.","The Abbasid Caliph was too distant to govern North Africa effectively. I offered him tribute and nominal allegiance while running Tunisia as my kingdom. Everyone benefited: he got gold, I got independence, the people got stable governance.","My dynasty became too focused on Sicily and Mediterranean raids, neglecting internal development. We spent too much on military adventures. When the Fatimids invaded, we were weakened by external campaigns.","Modern lesson: subsidiaries claiming independence from distant headquarters. Works until the parent company decides to intervene. Enjoy autonomy while it lasts, but don't assume it's permanent.",,
EVT_00029,Conquest of Sicily,827,Tunisia,Sicily,Military Campaign,Asad ibn al-Furat,"Led the Muslim conquest of Sicily, beginning a 75-year campaign that would bring the island under North African control. We sailed from Tunisia with 10,000 men, taking advantage of Byzantine weakness.","Sicily was rich, strategic, and poorly defended. The Byzantines were distracted by wars in the East. We presented ourselves as liberators from Byzantine taxation. Many Sicilians welcomed us initially.","The conquest took three generations and cost countless lives. We should have consolidated our position rather than pushing for total conquest. The Christian population never fully accepted our rule, creating permanent instability.","Modern lesson: military victories are easy; governance is hard. You can conquer territory, but winning hearts is harder. Nation-building requires more than military success - it needs legitimacy and acceptance.",,
EVT_00030,Building the Great Mosque of Kairouan,670,Tunisia,Kairouan,Cultural Reform,Uqba ibn Nafi,"Founded Kairouan and built its Great Mosque, making it the spiritual capital of the Maghreb. The mosque became one of Islam's holiest sites and a center of learning. Architecture is permanent propaganda.","I knew that conquest without culture is just temporary domination. By building a magnificent mosque and establishing religious schools, I ensured Islam would take root in North Africa. Ideas outlast armies.","I pushed too far west too quickly, trying to reach the Atlantic. Berber resistance was fierce. I should have spent more time building institutions in Tunisia before expanding. My military overreach led to my death in battle.","Modern nation-building: infrastructure and institutions matter more than military bases. Schools, hospitals, courts - these create loyalty. But it takes patience. Most conquerors lack patience.",,
EVT_00031,Revolt Against Arab Rule,740,Tunisia,Tunisia,Battle,Berber Rebels,We Berbers rose against Arab governors who treated us as second-class Muslims. We had converted to Islam but were still oppressed and heavily taxed. The Kharijite sect gave us an ideology of equality. We nearly drove the Arabs from North Africa.,"Islam preaches equality, but Arab rulers practiced discrimination. We adopted Kharijism because it argued all Muslims are equal regardless of ethnicity. Our revolt was religious and political - we wanted Islam's promise fulfilled.","Our revolt succeeded militarily but failed politically. We fractured into competing tribes again. Without unity, we couldn't maintain independence. The Arabs eventually returned. Our victory was temporary because we couldn't organize a stable state.","Modern lesson: revolutionary movements need post-victory plans. Overthrowing oppressors is easier than building functioning governments. Libya, Syria, Iraq - the pattern repeats. Destruction is easy; construction is hard.",,
EVT_00032,Fatimid Conquest of Tunisia,909,Tunisia,Raqqada,Political Decision,Ubayd Allah al-Mahdi,Conquered Tunisia from the Aghlabids and established the Fatimid Caliphate. We were Shi'ite Muslims claiming descent from the Prophet's daughter Fatima. Tunisia was our base for conquering Egypt and challenging the Abbasid Caliphate.,"The Aghlabids had grown weak and unpopular. I allied with Berber tribes, particularly the Kutama, who believed in our religious mission. We combined religious ideology with military force - a powerful combination.","We focused too much on conquering Egypt and moved our capital there, neglecting Tunisia. This allowed local rebels to challenge our authority. You can't govern a territory you've abandoned.",Modern corporate lesson: don't neglect your original market while expanding. Companies that forget their base while chasing growth often collapse. Stay strong in your core while expanding carefully.,,
EVT_00033,Founding of Mahdia,916,Tunisia,Mahdia,Cultural Reform,Ubayd Allah al-Mahdi,"Built Mahdia as a new capital on a peninsula, easily defensible and strategically positioned for Mediterranean trade. The city had thick walls, a harbor, and became a center of Fatimid power before we moved to Cairo.",Tunisia needed a new capital that reflected Fatimid power and could defend against Byzantine and Umayyad attacks. Mahdia's peninsula location made it nearly impregnable. We built for defense and commerce simultaneously.,"We made Mahdia too strong in Tunisia, then abandoned it for Egypt. This created a powerful base for rebels. When we left, our governor used Mahdia to declare independence. We built our own rival's fortress.","Modern lesson: infrastructure you build can be used against you. Don't create powerful assets you can't control. Corporate splits, subsidiary rebellions - if you give someone a fortress, expect them to defend it against you eventually.",,
EVT_00034,Zirid Independence,1048,Tunisia,Kairouan,Political Decision,Al-Mu'izz ibn Badis,Broke with the Fatimid Caliphate and recognized the Abbasid Caliph instead. I was tired of being Cairo's governor. Tunisia would be independent. The Fatimids responded by sending the Banu Hilal tribes to devastate our lands.,The Fatimids treated Tunisia as a provincial backwater after moving to Egypt. They demanded taxes but provided nothing. I calculated that Abbasid recognition would give me legitimacy without interference since Baghdad was far away.,I underestimated the Fatimids' fury. They unleashed the Banu Hilal - nomadic Arab tribes - who ravaged Tunisia for decades. My declaration of independence destroyed my kingdom. Pride costs.,"Modern lesson: declaring independence from powerful partners requires preparation for retaliation. Secession movements, corporate spin-offs - the parent will punish you. Make sure you can survive their revenge.",,
EVT_00035,Banu Hilal Invasion,1051,Tunisia,Tunisian Plains,Battle,Banu Hilal Tribes,"The Fatimid Caliph gave us permission to invade Tunisia as punishment for Zirid rebellion. We were nomadic tribes from Egypt, and Tunisia's farmlands were tempting. We came in waves, destroying cities and returning agriculture to pastoralism.","We were pastoralists, not farmers. Cities and farms were obstacles to our way of life. Tunisia's settled civilization resisted us, so we destroyed it. The Fatimids wanted Tunisia punished; we wanted land for our herds. Everyone got what they wanted.","Our invasion destroyed Tunisia's prosperity for centuries. We gained short-term wealth but created long-term poverty. Eventually, we suffered too as the economy collapsed. Destruction is easier than creation, but you can't eat ashes.","Modern equivalent: asset stripping, extractive exploitation. You can profit by destroying productive systems, but eventually, there's nothing left to exploit. Sustainable prosperity requires building, not just taking.",,
EVT_00036,Norman Conquest of Tunisia,1148,Tunisia,Mahdia,Siege,Roger II of Sicily,"Conquered coastal Tunisia from the Zirids, making it a Norman possession. We were Christian Normans ruling a Muslim population - an unusual situation. Tunisia became a Norman outpost for twelve years until Almohad reconquest.","Sicily was prosperous under Norman rule, mixing Christian, Muslim, and Greek cultures. I wanted to extend this model to Tunisia. The Zirids were weak, their kingdom ravaged by Banu Hilal invasions. We filled a power vacuum.","Ruling a Muslim majority as a Christian minority was unsustainable. We maintained order through military force, but we never won local support. When the Almohads invaded, few Tunisians defended our rule.","Modern lesson: occupations without local legitimacy are temporary. You can conquer with superior force, but you can't govern without consent. Afghanistan, Iraq - external powers can defeat armies but not populations.",,
EVT_00037,Almohad Reconquest,1160,Tunisia,Mahdia,Battle,Abd al-Mu'min,Drove the Norman Christians from Tunisia and incorporated it into the Almohad Empire. We were Berbers from Morocco with a puritanical Islamic ideology. Tunisia needed strong rule after decades of chaos.,"The Normans were foreigners; the Zirids were weak; Tunisia was fractured. We offered unity, Islamic legitimacy, and military strength. We reconquered Tunisia as liberators and were welcomed.","The Almohad Empire was too large, stretching from Spain to Libya. We couldn't govern such vast territories effectively. Within a century, we collapsed. Empires that grow too fast inevitably fragment.","Modern corporate lesson: grow at sustainable rates. Companies that expand too quickly collapse under their own weight. Geographic overextension, cultural incoherence - size without coherence is weakness.",,
EVT_00038,Hafsid Dynasty Founding,1229,Tunisia,Tunis,Political Decision,Abu Zakariya Yahya,"Established Hafsid independence when the Almohad Empire collapsed. Tunis became our capital, and we ruled Tunisia for three centuries. We balanced Mediterranean trade with Islamic scholarship, making Tunis a cultural center.","The Almohads were collapsing in Spain and Morocco. Tunisia was peripheral to their concerns. I declared independence, and no one could stop me. Better to rule a small kingdom well than serve a dying empire as a governor.","We remained too focused on Tunisia, never expanding significantly. While Morocco and Egypt built empires, we stayed small. This protected us from overextension but also left us vulnerable to larger powers.",Modern lesson: sometimes staying small and focused is wisdom. Not every company needs to be Amazon. Regional dominance can be more profitable than global overreach. Know your sustainable size.,,
EVT_00039,Battle of Kairouan,1348,Tunisia,Kairouan,Battle,Hafsid Forces,"Defended Tunisia against Marinid invasion from Morocco. The battle was fierce, and we barely held. Tunisia's independence hung by a thread. We survived, but the cost was high.",The Marinids wanted to unite the Maghreb under their rule. We represented the last major independent dynasty in North Africa outside Egypt. Our survival depended on defensive warfare and diplomacy.,We should have built stronger alliances with Egypt and Turkey. Fighting alone against larger powers is always risky. But our pride and independence made us reject subordination to anyone.,"Modern geopolitics: small nations need alliances to survive. Neutrality is luxury for the strong or the irrelevant. Tunisia's history is balancing between powers - Rome vs Carthage, Arabs vs Berbers, Ottomans vs Spanish.",,
EVT_00040,Ottoman Conquest,1574,Tunisia,Tunis,Siege,Hayreddin Barbarossa,"The Ottomans conquered Tunisia, ending Hafsid independence. We became a province of the Ottoman Empire, governed by beys who were technically Ottoman officials but effectively autonomous rulers.",Tunisia was caught between Ottoman expansion and Spanish imperialism. The Hafsids couldn't resist both. We chose Ottoman overlordship as preferable to Spanish conquest. At least the Ottomans were Muslim.,Ottoman rule brought stability but also stagnation. We became peripheral to Istanbul's concerns. Tunisia's decline from a Mediterranean power to a provincial backwater began with Ottoman conquest.,"Modern lesson: choosing between bad options. Sometimes you can't win, only minimize damage. Nations and companies face this constantly - which larger entity to merge with, which alliance to join. All choices have costs.",,
EVT_00041,Husainid Dynasty Rise,1705,Tunisia,Tunis,Political Decision,Al-Husayn ibn Ali,"Established the Husainid dynasty, effectively independent from Ottoman control while nominally accepting Ottoman sovereignty. We were beys - governors in name, kings in practice. This system lasted until French colonization.","The Ottoman Empire was declining, unable to project power to North Africa. I seized autonomy while maintaining the fiction of Ottoman loyalty. Istanbul got prestige; I got power. Pragmatism benefits everyone.","We became too comfortable with nominal Ottoman sovereignty. When European powers arrived, we had no experience of true independence. Our ambiguous status made us vulnerable to colonization.","Modern lesson: fake independence is better than none, but it's not real sovereignty. Satellite states, client regimes - they enjoy limited autonomy until the great power intervenes or collapses.",,
EVT_00042,Modernization Attempts,1837,Tunisia,Tunis,Cultural Reform,Ahmed Bey,"Attempted to modernize Tunisia along European lines - military reforms, abolition of slavery, new education system. We tried to become strong enough to resist European colonization.","Europe was powerful because of modern institutions and technology. We needed to adapt or die. I sent students to Paris, hired European advisers, built factories. Change was our only hope.","Modernization cost enormous sums we didn't have. We borrowed from European banks, creating debt that gave France an excuse to colonize us. Trying to modernize made us vulnerable to the very powers we feared.","Modern development trap: modernization requires capital, capital creates dependency. Countries borrow to develop, then lose sovereignty to creditors. IMF, World Bank, Chinese loans - the trap persists.",,
EVT_00043,Abolition of Slavery,1846,Tunisia,Tunis,Political Decision,Ahmed Bey,"Abolished slavery throughout Tunisia, the first Muslim country to do so. European pressure and moral conviction drove the decision. We freed thousands and began paying workers - a revolutionary change.","Slavery was economically obsolete and morally indefensible. European powers were abolishing it; we needed to demonstrate our civilization was their equal. Also, free labor is more productive than slave labor.",Abolition was right morally but disruptive economically. Plantation owners and merchants resented the loss of property. We should have provided compensation and transition support. Abrupt change creates enemies.,Modern lesson: social reforms need transition periods. Disrupting established interests creates backlash. Right policies can fail through poor implementation. Change management matters as much as change itself.,,
EVT_00044,First Constitution,1861,Tunisia,Tunis,Political Decision,Muhammed Bey,"Promulgated Tunisia's first constitution, establishing a constitutional monarchy with a parliament and guaranteed rights. We were modernizing faster than most Muslim countries. But debt and French pressure undermined our independence.","Constitutions demonstrate civilization. We wanted European powers to respect us as a modern state, not a backward province. Rights, parliaments, laws - these were the currency of nineteenth-century legitimacy.",The constitution was suspended within three years due to financial crisis and political opposition. We tried to implement European institutions without the social conditions that supported them. Importing systems wholesale doesn't work.,Modern lesson: institutions require supporting culture. You can't copy-paste democracy or markets. Saudi Arabia tries to modernize while maintaining absolute monarchy - contradictions persist. Authentic development takes time.,,
EVT_00045,Financial Crisis and Bankruptcy,1869,Tunisia,Tunis,Political Decision,Muhammed al-Sadiq Bey,"Tunisia declared bankruptcy, unable to pay European debts. France, Italy, and Britain established an International Financial Commission to control our finances. We lost economic sovereignty before losing political independence.","Modernization required loans we couldn't repay. European banks lent generously, knowing default would give them control. We fell into the debt trap. Sovereignty is expensive.",We should have modernized more slowly within our means. Borrowing for development is dangerous when lenders have ulterior motives. But could we have resisted European pressure anyway? Perhaps bankruptcy was inevitable.,"Modern debt traps: Greece, Argentina, Sri Lanka. Borrow for development, can't repay, lose sovereignty. The IMF and World Bank play the role European banks played. Debt is the modern form of colonization.",,
EVT_00046,Treaty of Bardo,1881,Tunisia,Bardo Palace,Political Decision,Muhammad III as-Sadiq,"Forced to sign the Treaty of Bardo, making Tunisia a French protectorate. We maintained nominal independence, but France controlled our foreign policy, military, and finances. Colonization through treaty, not conquest.","France threatened military invasion if we didn't sign. We had no army capable of resistance. The treaty preserved the bey's throne and avoided bloodshed, but at the cost of independence.","Perhaps we should have fought anyway. A glorious defeat might have inspired future resistance. Instead, we submitted peacefully and legitimized French rule. But would thousands of deaths have achieved anything?","Modern lesson: forced agreements are still agreements. When powerful states want your submission, resistance may be futile but symbolic. Sometimes martyrdom is more valuable than survival.",,
EVT_00047,Tribal Resistance to French,1881,Tunisia,Southern Tunisia,Battle,Ali Ben Khalifa,"Led tribal revolts against French colonization in southern Tunisia. We fought with rifles and camels against modern armies. The French called us bandits; we called ourselves freedom fighters. We lost, but we fought.","The bey surrendered without fighting; we refused. Our tribes had never submitted to foreign rule. Death was preferable to dishonor. We knew we would lose, but dignity required resistance.","Unorganized tribal warfare couldn't defeat European armies. We needed unity, modern weapons, and international support. We had none of these. Our courage was wasted in doomed charges against artillery.","Modern lesson: courage without strategy is suicide. Asymmetric warfare requires more than bravery - it needs planning, resources, and patience. Taliban, Viet Cong - they won because they fought smart, not just hard.",,
EVT_00048,Jellaz Revolt,1911,Tunisia,Tunis,Battle,Urban Protesters,"Violent protests erupted in Tunis when the French tried to bury Christian dead in a Muslim cemetery. The Jellaz revolt killed dozens. France responded with brutal repression. Our protest was about dignity, not just graves.",Every colonized people has a breaking point. The cemetery was symbolic - French disrespect for Muslim land and customs. We rioted because we had no other voice. Violence was our language when words were forbidden.,"The revolt was spontaneous and disorganized. French troops crushed us easily. If we had coordinated and chosen our moment, we might have achieved something. Instead, we gave France an excuse for harsher control.","Modern lesson: protests without organization are just venting. Effective resistance requires leadership, demands, and strategy. Arab Spring succeeded in Tunisia because of organization; failed elsewhere because of chaos.",,
EVT_00049,Young Tunisian Movement,1907,Tunisia,Tunis,Political Decision,Ali Bach Hamba,"Founded the Young Tunisians movement, advocating constitutional reform and rights for Tunisians under French rule. We didn't demand independence yet - just equality and representation. Even this was too much for France.","We were educated in French schools and believed in French Enlightenment values. We asked France to apply its own principles to us. If France was civilization, why did it deny us rights? Our hypocrisy was pointing out their hypocrisy.","We were too moderate, too trusting in French liberalism. France had no intention of granting us equality. We should have demanded independence from the start, not constitutional reforms within colonialism.","Modern lesson: reform movements often radicalize when rejected. Moderate demands ignored lead to extreme demands. If you won't negotiate, expect revolution. French intransigence created the independence movement.",,
EVT_00050,Destour Party Formation,1920,Tunisia,Tunis,Political Decision,Abdelaziz Thaalbi,"Founded the Destour (Constitution) Party, Tunisia's first modern political party. We demanded restoration of the constitution and Tunisian self-governance. France banned us repeatedly, but we persisted.","Political parties channel popular anger into organized action. We created Tunisia's first mass movement, bridging tribal, urban, and educated populations. Organization is power.","The Destour was too dominated by old elites and traditional leaders. We couldn't adapt to changing times. A younger generation would split off and form Neo-Destour, which would actually achieve independence.",Modern lesson: revolutionary organizations need renewal. First-generation leaders rarely complete the revolution. Movements that can't evolve become irrelevant. Corporate startups face the same issue - founders often can't scale.,,
EVT_00051,Neo-Destour Formation,1934,Tunisia,Ksar Hellal,Political Decision,Habib Bourguiba,"Split from the old Destour Party and founded Neo-Destour with younger, more radical activists. We demanded complete independence, not constitutional reforms. We organized workers, women, and youth. We would win independence.","The old Destour was too conservative, dominated by elites who feared mass politics. We believed in mobilizing the people. Independence required popular movement, not just elite negotiations.","We were too confident in our own indispensability. Neo-Destour became a monopoly party after independence, crushing all opposition. We fought for democracy against France, then denied it to our own people.","Modern lesson: liberation movements often become authoritarian regimes. The skills that win revolution - centralized control, discipline, intolerance of dissent - poison governance. Very few revolutionary parties successfully transition to democratic competition.",,
EVT_00052,Exile and Return,1938,Tunisia,France,Political Decision,Habib Bourguiba,Arrested and exiled by the French multiple times. I spent years in French prisons and returned each time more popular. Martyrdom without death - the perfect political strategy.,"The French thought imprisoning me would silence the movement. Instead, it made me a symbol. Every arrest increased my popularity. They gave me the greatest gift: victimhood with survival.","I perhaps became too confident in my own indispensability. Neo-Destour became built around my personality. When I finally took power, I couldn't share it. My exile taught me I was essential - a dangerous lesson.","Modern political lesson: strategic martyrdom works if you survive. Mandela, Nehru, Bourguiba - prison made them legends. But it also reinforces messiah complexes. Leaders who suffer for their people often believe they own their people.",,
EVT_00053,Resistance During WWII,1942,Tunisia,Tunisia,Military Campaign,Tunisian Resistance,"During WWII, Tunisia became a battleground between Axis and Allies. We navigated between German occupation, Italian claims, and French administration. Some resisted; others collaborated. Everyone survived.","World War II showed that European powers were vulnerable. If they could be defeated by each other, they could be defeated by us. The myth of European invincibility died in North African deserts.",We failed to unite behind a single strategy. Some supported Axis hoping for independence; others supported Allies; most just survived. Our divisions prevented us from leveraging the chaos for independence.,"Modern lesson: crises create opportunities but require unified action. When your oppressor is distracted, strike decisively. But disunited movements waste opportunities. Ukraine in 1918, Iraq in 2003 - chaos favors the organized.",,
EVT_00054,Violent Resistance Campaign,1952,Tunisia,Tunis,Battle,Fellagha Fighters,"Launched armed resistance against French rule. We were called 'fellagha' (bandits) but we were freedom fighters. We attacked French installations, assassinated collaborators, and made Tunisia ungovernable.",France would never grant independence peacefully. They only understand force. We made colonialism too expensive to maintain. Every French soldier tied down in Tunisia was one less in Algeria or Indochina.,"Our violence alienated some Tunisians and gave France excuses for repression. Bourguiba's non-violent strategy won international support. Perhaps we could have achieved independence faster through pure politics, without blood.","Modern insurgency lesson: violence works when it makes occupation unbearable, but it also destroys what you're fighting for. Successful independence movements balance violence and politics. Too much violence creates failed states.",,
EVT_00055,Autonomy Negotiations,1954,Tunisia,Paris,Diplomatic Negotiation,Pierre MendÃ¨s France,"As French Prime Minister, I negotiated Tunisian internal autonomy. France was exhausted by colonial wars. I saw that holding colonies was impossible. Better to grant autonomy gracefully than lose violently.","France faced insurgencies in Algeria, Indochina, and Tunisia. We couldn't fight everywhere. Tunisia was least strategically vital. Granting autonomy there might preserve French influence and prevent complete loss.","We didn't grant full independence, creating ambiguity that prolonged conflict. We should have withdrawn completely. Half-measures satisfied no one. France's attempt to preserve influence just delayed the inevitable.","Modern lesson: retreating powers should withdraw decisively, not gradually. Slow withdrawals prolong suffering and guarantee failure. Britain's phased withdrawal from India caused Partition's bloodbath. Clean breaks are less bloody.",,
EVT_00056,Full Independence,1956,Tunisia,Tunis,Political Decision,Habib Bourguiba,"Achieved full independence from France. I became Prime Minister, then President. Tunisia was free after 75 years of French rule. I modernized the country - education, women's rights, secularism - making Tunisia the most progressive Arab state.","Independence was just the beginning. We needed to build a modern nation. I focused on education, women's liberation, and economic development. Arab identity didn't mean backwardness. We could be both Arab and modern.","I became too authoritarian, crushing opposition and declaring myself president for life. Power corrupted me. The young reformer became an old dictator. Tunisia deserved democracy after independence, not one-man rule.",Modern lesson: post-independence leaders often disappoint. Liberation heroes rarely become good governors. The skills for revolution differ from skills for administration. George Washington's greatness was stepping down. Most leaders refuse.,,
EVT_00057,Bizerte Crisis,1961,Tunisia,Bizerte,Battle,Habib Bourguiba,"Demanded France evacuate its naval base at Bizerte. France refused. Tunisian forces blockaded the base; France responded with military force. Hundreds died. Eventually, France withdrew. Independence required reclaiming our territory.","Sovereignty means controlling your territory. France's base was a violation of our independence. I had to act, even knowing we would lose militarily. Sometimes you fight for principle, not victory.","I underestimated French military response. The battle killed over 1,000 Tunisians. I achieved my goal - France eventually left - but at terrible cost. Better negotiation might have avoided bloodshed.","Modern lesson: symbolic sovereignty battles are expensive. Falklands, Crimea - nations fight over territory for prestige, not just strategy. But blood spilled for symbols is still blood.",,
EVT_00058,Personal Status Code,1956,Tunisia,Tunis,Cultural Reform,Habib Bourguiba,"Enacted the Personal Status Code, giving Tunisian women unprecedented rights - polygamy abolished, divorce rights, education access. We were the only Arab country to give women near-equality under law.","Modernization requires women's liberation. Half our population couldn't contribute to development when trapped in traditional roles. Women's rights were economic necessity, not just moral issue.",Changing family law offended conservative Muslims. We imposed secularism too quickly on a religious population. The backlash empowered Islamist opposition. Gradual change might have been wiser.,"Modern lesson: social engineering is difficult. You can change laws quickly but culture changes slowly. Resistance to imposed modernization often strengthens traditionalism. Turkey, Iran - forced secularization created Islamist reactions.",,
EVT_00059,Economic Cooperatives Experiment,1964,Tunisia,Tunisia,Cultural Reform,Ahmad Ben Salah,"Attempted socialist transformation of Tunisia's economy. I nationalized land and created agricultural cooperatives. The experiment failed disastrously, causing food shortages and economic decline.",Tunisia needed rapid development. Capitalism was too slow; socialism promised transformation. Soviet planning seemed scientifically superior to market chaos. I genuinely believed cooperatives would modernize agriculture.,Forced collectivization ignored farmer incentives and local knowledge. Bureaucrats in Tunis couldn't manage agriculture better than farmers in fields. Ideology blinded me to practical reality. Tunisia's agricultural production collapsed.,"Modern lesson: central planning fails because information is dispersed. Markets aggregate local knowledge that bureaucrats can't access. China's Great Leap Forward, Soviet collectivization - the pattern repeats. Respect local knowledge.",,
EVT_00060,End of Socialism,1969,Tunisia,Tunis,Political Decision,Habib Bourguiba,"Ended Ben Salah's socialist experiment and returned to market economics. I imprisoned Ben Salah and dismantled cooperatives. Ideology had to yield to reality. Tunisia needed functioning economy, not perfect theory.","Socialist experiment nearly destroyed our economy. Food production fell, investment fled, people suffered. I had supported it initially but pragmatism required reversal. Leaders who can't admit mistakes destroy nations.",I scapegoated Ben Salah too completely. The policy was mine as much as his. Blaming subordinates for failed policies is cowardly leadership. I should have taken responsibility publicly.,"Modern lesson: leaders must acknowledge failures honestly. But they rarely do. Blame subordinates, external factors, anything but themselves. Corporate CEOs, politicians - responsibility flows upward until success, then gets claimed.",,
EVT_00061,Oil Crisis Benefits,1973,Tunisia,Tunisia,Political Decision,Habib Bourguiba,"The 1973 oil crisis dramatically increased Tunisia's petroleum revenue. Our modest oil production became valuable overnight. We used the windfall for development - infrastructure, education, health care.","Oil prices were luck, not policy. But we used the windfall wisely, investing in human capital rather than military toys. Education spending created Tunisia's skilled workforce.",We could have saved more oil revenue for future generations. Norway's sovereign wealth fund model would have served us better. We spent too much on current consumption rather than sustainable investment.,"Modern lesson: resource windfalls should be saved, not spent. Oil states that invested in education and diversification (UAE) prospered. Those that spent on consumption (Venezuela) collapsed when prices fell.",,
EVT_00062,Bread Riots,1984,Tunisia,Tunisia,Battle,Tunisian Protesters,Massive riots erupted when government tried to cut bread subsidies on IMF advice. We burned government buildings and fought police. Government reversed the cuts. Even autocrats have limits.,Bread prices are political dynamite. We were hungry and poor while elites enriched themselves. Removing subsidies was the last straw. IMF economists don't riot; the poor do.,"Riots achieved immediate goal but no structural change. Bourguiba kept power, subsidies remained, and Tunisia's economy continued stagnating. We should have demanded democracy, not just bread.","Modern lesson: food riots topple governments. Arab Spring, French Yellow Vests - hunger drives revolution. But riots without organization just change policies, not systems. Real change requires sustained political movement.",,
EVT_00063,Succession Crisis,1987,Tunisia,Tunis,Political Decision,Zine El Abidine Ben Ali,"Ousted Bourguiba in a bloodless coup, declaring him senile and unfit to govern. Bourguiba was 84, paranoid, and erratic. I presented the coup as medical necessity, not power grab. Tunisia needed fresh leadership.","Bourguiba had become a liability - arresting people randomly, talking to dead advisors. Tunisia needed stability. As Prime Minister and Interior Minister, I had power to act. The medical commission's declaration gave me legal cover.","I promised democracy and reform, then established a police state worse than Bourguiba's. Power corrupted me quickly. I should have held elections and stepped aside. Instead, I created a kleptocracy.","Modern lesson: coups justified as necessary often install worse rulers. Military takeovers promising order typically deliver corruption. Egypt, Thailand, Myanmar - the pattern is consistent. Revolution rarely improves things.",,
EVT_00064,Economic Liberalization,1988,Tunisia,Tunis,Cultural Reform,Zine El Abidine Ben Ali,"Liberalized Tunisia's economy, privatizing state enterprises and opening to foreign investment. Tourism and manufacturing grew rapidly. Tunisia became North Africa's most prosperous country economically, if not politically.",Tunisia needed growth to provide jobs and reduce poverty. State-run economy was inefficient. Opening to markets and competition increased prosperity. Economics was my success; politics was my failure.,"Liberalization enriched my family and cronies disproportionately. Privatization became looting. We created oligarchy, not market economy. Without democratic oversight, liberalization becomes theft.","Modern lesson: markets require rule of law. Privatization in corrupt systems just transfers state assets to connected elites. Russia's oligarchs, Tunisia's Ben Ali clan - privatization without democracy is robbery.",,
EVT_00065,Repression of Islamists,1991,Tunisia,Tunisia,Political Decision,Zine El Abidine Ben Ali,"Crushed the Ennahda Islamist movement, imprisoning thousands. I banned religious parties, tortured suspects, and drove Islamists into exile. I claimed to prevent Algeria's chaos and Islamic extremism.","Algeria's civil war killed 200,000 after Islamists won elections then were blocked from power. I saw Islamists as existential threat to Tunisia's secularism. Repression was harsh but necessary for stability.","Repression radicalized moderates and created martyrs. Torture created genuine extremists. A political solution - allowing Ennahda to participate under rules - might have integrated them peacefully, as happened after my fall.",Modern lesson: repressing political movements drives them underground and radicalizes them. Engagement and co-option work better than exclusion. Turkey integrated Islamists through democracy; Algeria tried repression and got civil war.,,
EVT_00066,Family Corruption,2000,Tunisia,Tunis,Political Decision,Leila Trabelsi,"As Ben Ali's wife, I and my family controlled vast portions of Tunisia's economy through corruption, extortion, and theft. We demanded shares in any successful business. Tunisia became a family mafia state.",We had power and used it. Every business needed our permission to operate. We took what we wanted. This is how power works everywhere - Tunisia was just more honest about it.,"Our greed destroyed Ben Ali's regime. By 2010, even elites hated us. When revolution came, no one defended us because everyone resented our theft. Moderate corruption maintains power; extreme greed destroys it.","Modern lesson: kleptocrats who steal too much lose elite support. Successful dictators share spoils with key supporters. When one family takes everything, everyone else has incentive to overthrow you. Marcos, Suharto - the pattern repeats.",,
EVT_00067,Mohamed Bouazizi Self-Immolation,2010,Tunisia,Sidi Bouzid,Political Decision,Mohamed Bouazizi,Set myself on fire after police confiscated my fruit cart and humiliated me. I wasn't a revolutionary - just a desperate man. My death sparked Tunisia's revolution and the Arab Spring.,"I had a university degree but no job. Police demanded bribes I couldn't pay. They seized my cart, slapped me, insulted my dead father. I went to the governor's office to complain; they refused to see me. What else could I do?","I didn't intend to start a revolution. I was just exhausted, humiliated, and hopeless. If I'd known my death would free Tunisia, would I have done it differently? Maybe. Or maybe my desperation was necessary - calculated martyrdom lacks authenticity.","Modern lesson: revolutions start from despair, not ideology. Bouazizi wasn't a political activist. His death resonated because every Tunisian recognized his humiliation. Sometimes ordinary suffering is more revolutionary than organized protest.",,
EVT_00068,Tunisian Revolution,2011,Tunisia,Tunisia,Battle,Tunisian Protesters,"Mass protests erupted after Bouazizi's death. Thousands demonstrated daily despite police violence. Martyrs multiplied - over 300 died. After 28 days, Ben Ali fled to Saudi Arabia. We overthrew a dictator through nonviolent resistance.","Ben Ali's police killed us, but we kept coming. Social media spread the word. Everyone was tired of corruption, unemployment, and humiliation. Bouazizi's death was a spark, but the fuel was decades of accumulated rage.","Post-revolution chaos was difficult. Democracy is harder than autocracy. Economic problems persisted. Some Tunisians became nostalgic for Ben Ali's stability. We won the revolution but struggled to build what comes
EVT_00069,Jasmine Revolution Success,14,1,2011,Tunisia,Tunis,Political Decision,Tunisian People,Ben Ali fled after 28 days of protests. Tunisia became the Arab Spring's only success story. We proved that Arab peoples could overthrow dictators and build democracy. The world watched in amazement."",We stayed nonviolent despite provocation. We used social media to coordinate. We refused to let fear silence us. Every martyr strengthened our resolve. The army refused to shoot us - that's when we knew we'd won."",Post-revolution transition was chaotic. Multiple governments", economic crisis," terrorist attacks. Democracy is messy. Some Tunisians yearned for Ben Ali's order. We won freedom but struggled to build prosperity.""",Modern lesson: revolutions are easier than transitions. Overthrowing dictators takes weeks; building democracy takes decades. Libya tried revolution without institutions and got civil war. Tunisia had some institutional foundation.
EVT_00070,Constitutional Assembly Election,2011,Tunisia,Tunisia,Political Decision,Ennahda Party,"First free elections in Tunisian history. Ennahda, the Islamist party we'd banned for decades, won plurality. Secular parties feared Islamist takeover. But Ennahda formed coalition government and accepted democratic rules.",We won because we were organized and had clear values. Secular parties were fragmented. But we knew we couldn't govern alone - we needed coalition partners. Compromise was necessary for democracy.,"We should have been clearer about our commitment to democracy from the start. Our ambiguity scared secularists. Also, we governed poorly - focused on ideology, not economics. Good governance matters more than good intentions.","Modern lesson: Islamist parties can accept democracy if given the chance. Turkey's AKP, Tunisia's Ennahda - when allowed to compete, they often moderate. Repression radicalizes; participation moderates.",,
EVT_00071,New Constitution Adoption,2014,Tunisia,Tunis,Political Decision,National Constituent Assembly,"Adopted one of the Arab world's most progressive constitutions. Guaranteed rights, gender equality, religious freedom. Balance between Islam and secularism. Democracy and human rights enshrined in law.","We debated for three years. Islamists and secularists compromised. Neither got everything, but everyone got something. The process was frustrating but legitimate. Consensus requires patience.",Three years was too long. Economic crisis deepened while we debated constitutional details. We should have worked faster. Perfect is the enemy of good. But rushing would have delegitimized the document.,"Modern lesson: constitution-making requires balance between speed and legitimacy. Iraq rushed and got a bad constitution. Egypt took too long and military seized power. Tunisia's pace was about right, though painful.",,
EVT_00072,Political Assassinations,2013,Tunisia,Tunis,Battle,Unknown Assassins,Assassinated secular politicians Chokri Belaid and Mohamed Brahmi. These murders nearly destroyed Tunisia's democratic transition. Secularists blamed Ennahda; Islamists denied involvement. We almost returned to civil war.,"We were trying to destabilize democracy. By killing popular secularists, we hoped to provoke conflict between Islamists and secularists. Tunisia almost fell into the trap - mass protests, government crisis, threat of coup.","The assassinations backfired. Instead of civil war, Tunisians rallied for democracy. Civil society mediated dialogue. The government stepped down peacefully. We tried to destroy democracy but inadvertently strengthened it.",Modern lesson: terrorism aims to provoke overreaction. Successful democracies resist this trap. Tunisia didn't let assassinations trigger cycle of revenge. Mature political culture matters more than constitutions.,,
EVT_00073,National Dialogue Quartet,2013,Tunisia,Tunis,Diplomatic Negotiation,Civil Society Organizations,"Four civil society organizations mediated between government and opposition during crisis. UGTT labor union, business confederation, human rights league, lawyers association. We prevented civil war through dialogue.","When politicians failed, we stepped in. We represented workers, businesses, activists, professionals. Our legitimacy transcended party politics. We created neutral space for compromise.","We could have intervened earlier, preventing crisis. We waited until democracy nearly collapsed. Also, our solutions were temporary - underlying economic and social problems persisted.","Modern lesson: strong civil society saves democracy. When institutions fail, non-state actors can mediate. We won Nobel Peace Prize for this work. But civil society can't substitute for good governance forever.",,
EVT_00074,Terrorist Attacks,2015,Tunisia,Bardo Museum,Battle,ISIS Militants,"Attacked Bardo Museum, killing 22 tourists. Later attacked beach resort in Sousse, killing 38. ISIS wanted to destroy Tunisia's tourism economy and democracy. They nearly succeeded - tourism collapsed.",We targeted tourism because it's Tunisia's economic lifeline. Destroying economy would destabilize democracy. Westerners' blood would discourage tourism. Economic crisis would radicalize youth and help us recruit.,Terrorism strengthened Tunisian democracy rather than destroying it. People rallied against us. Tourism recovered. We proved that terrorism can't defeat determined societies. Our violence was counterproductive.,Modern lesson: terrorism fails when societies don't overreact. Tunisia maintained democratic norms despite attacks. Contrast with West's post-9/11 overreactions. Resilience defeats terrorism better than revenge.,,
EVT_00075,Economic Austerity Protests,2018,Tunisia,Tunisia,Battle,Tunisian Youth,"Protests erupted against IMF-mandated austerity measures. Youth demanded jobs, not cuts. We blocked roads, clashed with police. Democracy wasn't delivering prosperity.","Revolution promised jobs and dignity. Instead, we got unemployment and poverty. IMF demands cuts; government obeys. What's the point of democracy if nothing changes? We voted, and we're still poor.","Protests were unfocused - against everything, for nothing specific. We needed political program, not just rage. Organized labor and parties could channel our anger productively, but we rejected them as corrupt.",Modern lesson: democracy disappoints when it can't deliver economically. Especially for youth who expect revolution to bring immediate improvement. Managing expectations is crucial for new democracies.,,
EVT_00076,Presidential Election,2019,Tunisia,Tunisia,Political Decision,Kais Saied,"Elected president as an independent outsider, defeating establishment candidates. I was a law professor with no party, no money, just social media campaign. Tunisians wanted change from failed political class.","Political parties failed Tunisians. They focused on power struggles while economy collapsed. I offered clean break - no corruption, no parties, direct democracy. People were desperate for something different.","I promised too much. Constitutional powers are limited, but expectations were unlimited. I struggled to work with parliament. Tunisia's problems - unemployment, corruption - require more than one honest president.","Modern lesson: outsider candidates win by promising change but struggle to govern. Trump, Macron, Saied - they lack political networks to implement agenda. Anti-establishment rhetoric is easier than effective governance.",,
EVT_00077,Presidential Coup,2021,Tunisia,Tunis,Political Decision,Kais Saied,"Suspended parliament, dismissed prime minister, assumed emergency powers. I claimed parliament was dysfunctional and Tunisia needed strong leadership. Critics called it a coup; supporters called it salvation.","Parliament was deadlocked, government was incompetent, COVID crisis was mismanaged. Someone had to act decisively. Democracy was failing Tunisia. I used constitutional powers to restore order.","I've concentrated too much power and delayed elections too long. Started as emergency measure, becoming permanent. This is how democracies die - leaders who claim they're saving democracy while destroying it.","Modern lesson: democratic backsliding comes from within, not just coups. Elected leaders who claim emergency powers and don't relinquish them. Turkey, Hungary, Tunisia - the pattern repeats.",,
EVT_00078,Colonial Settler Arrival,1881,Tunisia,Tunisia,Cultural Reform,French Colons,We French settlers arrived in Tunisia to farm the best land. Government gave us properties confiscated from Tunisians. We created prosperous farms using modern techniques while Tunisians worked as laborers on their former land.,"Tunisia had fertile land but backward agriculture. We brought capital, technology, expertise. We made the land productive. That Tunisians lost their land was unfortunate but necessary for progress.","We created two societies - French with rights and wealth, Tunisians with neither. This bred resentment that exploded in independence movement. More inclusive development might have sustained French presence longer.","Modern lesson: colonial extraction creates long-term hatred. Settlers who take land without compensation guarantee eventual revolt. Israel-Palestine, Algeria, Zimbabwe - stolen land never stays stolen forever.",,
EVT_00079,Sahel Olive Industry,1900,Tunisia,Sahel Region,Cultural Reform,Sahel Farmers,"Developed Tunisia's olive oil industry in the Sahel region. Our trees produced the finest oil in Mediterranean. We exported to Europe, creating wealth. Olive oil became Tunisia's identity.","Olive trees suited our climate and required little water. Once established, they produced for centuries. We passed orchards from father to son. Patient investment created generational wealth.",We focused too much on traditional methods. Modern competitors with mechanization and processing produced cheaper oil. We kept quality but lost market share. Tradition without innovation is decline.,Modern business lesson: quality alone doesn't guarantee success. You need quality AND efficiency. Craft producers lose to industrial competitors unless they find premium markets willing to pay for tradition.,,
EVT_00080,Phosphate Mining,1896,Tunisia,Gafsa,Cultural Reform,Mining Companies,"Discovered massive phosphate deposits in Gafsa. Tunisia became world's major phosphate exporter. Mining created jobs but also exploitation - dangerous work, low pay, environmental damage.","Phosphates were wealth beneath our feet. Mining them enriched Tunisia's treasury and created employment. The work was hard, but better than agricultural poverty. Modernity requires sacrifice.",We extracted resources without developing local economy. Gafsa stayed poor while phosphates enriched coastal elites and French companies. Resource wealth should benefit communities that bear costs.,"Modern resource curse: oil, diamonds, minerals enrich elites while locals suffer. Nigeria, Congo, Tunisia - extraction without local development creates resentment. Resource nationalism is response to this injustice.",,
EVT_00081,Habib Bourguiba School,1875,Tunisia,Tunis,Cultural Reform,Sadiki College,"Founded Sadiki College, Tunisia's first modern school mixing European and Arabic curriculum. We educated Tunisia's future leaders - Bourguiba, Ben Ali, ministers, intellectuals. Schools shape nations.","Tunisia needed educated citizens for modern economy. Traditional Quranic schools taught religion; we taught science, languages, mathematics. We created a new class of French-educated Tunisian elites.","French education alienated students from traditional culture. We created identity crisis - too French for Tunisians, too Arab for French. This duality defined modern Tunisia, for better and worse.",Modern lesson: education shapes national identity. Colonial education created comprador elites or nationalist rebels. Post-colonial nations struggle with curriculum - preserve tradition or embrace modernity? Tunisia still debates this.,,
EVT_00082,Tunis Tramway,1872,Tunisia,Tunis,Cultural Reform,French Administration,Built North Africa's first tramway in Tunis. Modern transportation transformed the city. Europeans lived in new ville nouvelle; Tunisians stayed in old medina. Physical infrastructure reflected social segregation.,"Modern cities need modern transport. Tramways enabled urban expansion and economic growth. We built European-style boulevards, gardens, buildings. Tunis became Paris of North Africa.","We built two cities - European and Arab, never integrated. Infrastructure reinforced segregation rather than bridging it. Our modernization was colonization. Roads led to French neighborhoods, not Tunisian ones.","Modern urban planning lesson: infrastructure can unite or divide. Highways through minority neighborhoods, suburbs vs. cities - planning is political. Segregated development creates segregated societies.",,
EVT_00083,Mateur Agricultural Development,1895,Tunisia,Mateur,Cultural Reform,French Settlers,"Drained Mateur wetlands to create farmland. Brought European crops - wheat, grapes, vegetables. Modern agriculture replaced traditional pastoralism. Production increased, but so did inequality.","Scientific agriculture was more productive than traditional methods. Drainage, irrigation, mechanization - we made Tunisia feed itself and export grain. Progress requires transforming land.","We displaced pastoral tribes without compensation. Our grain fed Tunis and France, but local people went hungry. Development that immiserates locals is exploitation, not progress.","Modern development trap: agricultural modernization increases production but displaces small farmers. Green Revolution, industrial farming - output rises, rural poverty increases. Productivity without equity creates conflict.",,
EVT_00084,Tunis Stock Exchange,1969,Tunisia,Tunis,Cultural Reform,Habib Bourguiba,"Established Tunis Stock Exchange to mobilize capital for development. Tried to create modern financial markets in developing economy. Limited success - few companies, little trading, mostly symbolic.",Modern economies need capital markets. Stock exchanges mobilize savings for investment. We tried to create financial sector supporting industrialization. But Tunisia lacked investor class and regulatory framework.,"Stock exchange remained small and irrelevant. Tunisia's real capital came from foreign aid and remittances, not domestic savings. We built institution without economic foundation to support it.","Modern lesson: institutions require supporting ecosystem. You can't import stock exchanges without investors, regulations, companies. Institution-building is more than creating organizations - it's transforming society.",,
EVT_00085,Higher Education Expansion,1960,Tunisia,Tunisia,Cultural Reform,Habib Bourguiba,Massively expanded university education. Sent thousands to study abroad. Created educated workforce. But jobs didn't match graduates - unemployment among degree-holders became crisis.,"Education was my priority. Every Tunisian deserved opportunity to learn. We built universities, trained teachers, sent students to France. Educated population is development foundation.","We created more graduates than economy could absorb. Unemployed degree-holders became revolutionary force. Tunisia has thousands of educated, underemployed youth. Education without jobs creates frustration.","Modern crisis: global education expansion without job growth. India, Tunisia, Arab world - millions of educated unemployed. Education promises mobility but can't deliver without economic growth. Credential inflation.",,
EVT_00086,Gafsa Mining Protests,2008,Tunisia,Gafsa,Battle,Unemployed Youth,Massive protests in phosphate mining region over unemployment and corruption. Police killed protesters. The unrest was rehearsal for 2011 revolution. Gafsa showed regime's weakness.,"We demanded jobs in phosphate company - jobs promised but given to connected families. We're qualified but excluded by nepotism. We blocked roads, fought police. Ben Ali crushed us, but seed was planted.","We lacked national coordination. Gafsa protests stayed local. If we'd connected with other regions, we might have sparked revolution three years early. Organization matters more than courage.",Modern lesson: local protests can become revolutions with coordination. Social media enabled this in 2011. Arab Spring succeeded partly because grievances connected across geography. Technology enables coordination.,,
EVT_00087,Sfax Economic Rise,1900,Tunisia,Sfax,Cultural Reform,Sfax Merchants,"Developed Sfax into Tunisia's economic capital - second city, industrial center, business hub. Unlike Tunis's dependency on government, Sfax built wealth through entrepreneurship and trade.","Sfax succeeded through self-reliance. We had no government connections, so we built businesses ourselves. Olive oil, textiles, trade - we created prosperity through work, not patronage.",Sfax's success deepened Tunisia's regional inequality. Coastal cities prospered; interior stagnated. Our wealth didn't spread. Should we have invested more inland? But charity isn't business model.,"Modern lesson: regional inequality within nations creates resentment. Coastal China vs. interior, California vs. Midwest - prosperous regions resent subsidizing poor ones; poor regions resent exploitation. No solution satisfies everyone.",,
EVT_00088,Djerba Jewish Community,500,Tunisia,Djerba,Cultural Reform,Djerban Jews,"Maintained ancient Jewish community in Djerba for 2,500 years. We lived peacefully with Muslim neighbors, preserving traditions. Tunisia was rare Arab country where Jews felt safe after Israel's founding.","We were here before Islam, before Arabs, before Rome. Djerba was our refuge. Muslims treated us well - we were protected dhimmis, not equals, but not persecuted. Tunisia was our home.","After Israel's founding, many left. Tunisia's independence brought uncertainty. We feared Arab nationalism would target us. Most emigrated to Israel or France. Only few hundred remain of thousands.","Modern lesson: minority communities need security and acceptance. When nationalism rises, minorities flee. Tunisia lost Jewish heritage. Israel gained citizens. Both societies are poorer for this loss.",,
EVT_00089,Carthage Archaeological Excavation,1920,Tunisia,Carthage,Scientific Discovery,French Archaeologists,"Excavated ancient Carthage, uncovering Punic and Roman ruins. We found Hannibal's city beneath Roman conquest. Tunisia's past was revealed, becoming source of national pride and tourist attraction.",Carthage was myth until we excavated. Now Tunisia could claim descent from great civilization. National identity needs historical foundation. We gave Tunisia its past.,"We shipped best artifacts to French museums. Tunisia's heritage enriched Paris, not Tunis. Colonial archaeology was theft disguised as science. Objects belong where they were found.","Modern debate: who owns antiquities? Source countries demand repatriation; museums claim universal heritage. Egypt wants Rosetta Stone; Britain refuses. Colonial-era acquisition was often theft, but repatriation is complicated.",,
EVT_00090,Berber Identity Revival,2011,Tunisia,Southern Tunisia,Cultural Reform,Berber Activists,"After revolution, we Berbers demanded recognition of our identity and language. Tunisia's Arab nationalism had suppressed us. We wanted constitutional recognition, language rights, cultural autonomy.","We were here first. Arabs are conquerors who became majority. Our language, Tamazight, deserves official status. Morocco recognized Berbers; why not Tunisia? Recognition isn't separatism - it's justice.","We remained marginal politically. Most Tunisians identify as Arab, not Berber. Our demands seemed divisive during fragile democratic transition. We should have built broader coalitions.","Modern minority rights: global tension between national unity and minority recognition. Spain's Catalans, Turkey's Kurds, Tunisia's Berbers - recognition vs. unity. No easy answers. Repression fails, but unlimited autonomy threatens states.",,
EVT_00091,Andalusian Muslim Immigration,1609,Tunisia,Tunis,Cultural Reform,Andalusian Refugees,"Fled Spain's expulsion of Muslims. We brought sophisticated culture, architecture, music, cuisine. We enriched Tunisia but also created cultural tensions with locals. Our descendants became Tunisia's elite.","Spain expelled us after reconquista. We brought skills - architecture, music, agriculture. We built Tunisia's most beautiful buildings. Our exile was tragedy, but Tunisia benefited from our talents.","We remained separate, considering ourselves superior to local Arabs and Berbers. This arrogance created resentment. We took best positions, married among ourselves. Should have integrated better.","Modern refugee challenge: host countries benefit from refugee skills but integration is difficult. Syrian doctors in Germany, Venezuelan engineers in Colombia - receiving talent, but also social tensions.",,
EVT_00092,Kairouan as Religious Center,670,Tunisia,Kairouan,Cultural Reform,Uqba ibn Nafi,"Founded Kairouan as Islam's first North African city and built its Great Mosque. For centuries, seven pilgrimages to Kairouan equaled one to Mecca. We made Tunisia's interior spiritually significant.","Kairouan anchored Islam in North Africa. The mosque became learning center rivaling Baghdad and Cairo. Scholarship, theology, law - Tunisia contributed to Islamic civilization from Kairouan.",Kairouan's inland location made it vulnerable during invasions. Coastal cities eventually surpassed it economically. Religious significance couldn't compete with commercial importance.,"Modern lesson: symbolic capitals vs. economic capitals. Religious authority doesn't guarantee prosperity. Jerusalem, Vatican, Kairouan - spiritual centers often economically marginal. Meaning doesn't pay bills.",,
EVT_00093,Cap Bon Agricultural Excellence,1800,Tunisia,Cap Bon,Cultural Reform,Cap Bon Farmers,"Developed Cap Bon peninsula into Tunisia's garden. Citrus, vegetables, grapes - we fed the nation. Mediterranean climate, good soil, hard work created prosperity. Agriculture could be profitable.","Cap Bon had natural advantages but also farmer expertise passed through generations. We understood our soil, climate, crops. Knowledge and land combined creates wealth.",We remained too focused on domestic market. Could have exported more to Europe. Conservative farming methods limited productivity. Next generation mechanized and prospered more.,"Modern agricultural lesson: competitive advantage requires constant innovation. Stay with traditional methods and competitors overtake you. Agriculture is business requiring investment, not just inheritance.",,
EVT_00094,French Language Legacy,1956,Tunisia,Tunisia,Cultural Reform,Tunisian Intellectuals,"Struggled with French language after independence. It was colonizer's tongue but also language of science, business, international communication. Arab nationalism demanded Arabic; pragmatism demanded French.","French was language of oppression but also opportunity. Speaking French opened careers, education abroad, business. Arabic was identity, French was utility. We lived in two languages, two cultures.","We never resolved this tension. Tunisia still debates language in schools. French maintains privilege - elite speak it, poor don't. Language became class marker. Should have Arabized education completely or embraced bilingualism honestly.","Modern post-colonial language debates: English in India, French in Africa, Spanish in Americas. Colonial languages are tools but also symbols. Pure nationalism rejects them; pure pragmatism embraces them. Most countries muddle through compromise.",,
EVT_00095,Monastir as Bourguiba's Symbol,1963,Tunisia,Monastir,Cultural Reform,Habib Bourguiba,"Developed my hometown Monastir into tourist destination and political symbol. Built presidential palace, marina, bourgeoisie. Monastir represented my vision - modern, Mediterranean, prosperous Tunisia.","Leaders transform their hometowns. Monastir was my gift to Tunisia - beautiful, developed, symbolic of progress. Every nation needs inspiring examples. I made Monastir inspiration.","Nepotism in infrastructure. Other towns deserved investment too. Monastir became disproportionately developed because it was my hometown. This is corruption, even if buildings are nice.","Modern phenomenon: leaders favor hometowns. Putin's St. Petersburg, Nazarbayev's Astana, Bourguiba's Monastir. Corruption or pride? Both. Infrastructure becomes personal monument rather than national need.",,
EVT_00096,Olive Tree as National Symbol,1956,Tunisia,Tunisia,Cultural Reform,Tunisian Government,"Made olive tree Tunisia's national symbol. Appears on currency, stamps, government seals. Olive represents Tunisia - ancient, resilient, productive, Mediterranean. Symbol matters for national identity.","Nations need symbols uniting people. Olive tree connected Tunisia's Phoenician past, agricultural present, export economy. Everyone could identify with it - farmers, businessmen, nationalists, modernizers.",Symbols are empty without substance. Olive tree on flag doesn't help unemployed youth. We celebrated agricultural symbol while agricultural sector declined. Symbolism substituted for policy.,"Modern branding: nations market themselves through symbols. Swiss watch precision, Japanese quality, Tunisian olives. Nation branding works when it reflects reality. Marketing can't substitute for genuine achievement.",,
EVT_00097,Hammamet Tourist Development,1960,Tunisia,Hammamet,Cultural Reform,Tourism Ministry,"Developed Hammamet into Mediterranean tourist resort. Built hotels, beaches, clubs. Tourism became major employer and revenue source. But cultural impact was controversial.",Tunisia needed hard currency and jobs. Tourism provided both. Europeans wanted sun and beaches; we had abundance. Economic rationality demanded tourism development.,Tourism created cultural tensions. Beachside alcohol and bikinis offended conservative Muslims. Jobs were seasonal and low-wage. Foreign companies took most profits. Tourism was necessary but costly.,"Modern tourism dilemma: economic benefits vs. cultural impact. Thailand, Caribbean, Mediterranean - tourism brings money but changes culture. Sustainable tourism is difficult. Most destinations choose money over authenticity.",,
EVT_00098,Media Censorship Under Ben Ali,1990,Tunisia,Tunis,Political Decision,Zine El Abidine Ben Ali,"Controlled all media strictly. Newspapers, TV, radio - all promoted regime. Internet was filtered. Journalists were imprisoned. Information control maintained power until social media undermined it.","Control information, control reality. If people only hear positive news, they stay docile. Media freedom is luxury democracies can afford; developing countries need stability first.","Censorship created alternative media. People trusted foreign news more than local. Internet age made control impossible. By blocking information, we lost credibility. Truth always emerges eventually.","Modern information control: China's firewall, Russia's propaganda, digital authoritarianism. Technology makes control harder but also enables sophisticated manipulation. Authoritarian information strategies adapt constantly.",,
EVT_00099,Tunisair National Airline,1948,Tunisia,Tunis,Cultural Reform,Tunisian Government,"Founded Tunisair as national airline. Symbol of sovereignty and modernity. Connected Tunisia to world. But economically struggled - overstaffed, inefficient, politically managed. Nationalism vs. economics.","National airlines represent sovereignty. Flying Tunisair shows Tunisia on world stage. Every nation needs airline, railway, telecommunications - infrastructure of nationhood.","National carriers lose money. Private airlines are more efficient. Tunisair survived through subsidies, burdening taxpayers. Nationalism is expensive. Should have privatized or let it fail.","Modern state enterprises: symbolic but inefficient. National airlines, railways, oil companies - identity vs. economics. Privatization works economically but angers nationalists. Most governments subsidize symbolic industries.",,
EVT_00100,Street Vendor Economy,2000,Tunisia,Tunisia,Cultural Reform,Informal Workers,"We street vendors, informal workers, created parallel economy outside government control. No licenses, taxes, regulations. We employed ourselves when formal economy couldn't. Mohamed Bouazizi was one of us.","Formal economy couldn't provide jobs. We created our own. Selling fruit, repairing phones, driving unlicensed taxis - we survived. Government calls us illegal; we call ourselves entrepreneurs.","Informal economy shows formal economy's failure. If people must work illegally to survive, system is broken. But informal work has no protections, no social security, no rights.","Modern informal economy: huge in developing world. India's street vendors, Latin American hawkers, African informal sector. Represents both entrepreneurial spirit and systemic failure. Formalization is difficult but necessary for workers' rights.",,
EVT_00101,Social Media Revolution,2010,Tunisia,Tunisia,Cultural Reform,Tunisian Youth,"Used Facebook, Twitter, YouTube to organize protests and document police brutality. Social media defeated censorship. Ben Ali controlled traditional media but couldn't control the internet. Technology enabled revolution.","Government controlled TV and newspapers. But they couldn't control Facebook. We shared videos of protests, police violence. Information spread faster than they could suppress. Technology was our weapon.","Social media was tool, not cause. Underlying grievances drove revolution. Technology enabled coordination but didn't create anger. Don't fetishize technology - human courage overthrew dictator, not Facebook.","Modern activism: social media enables but doesn't cause revolutions. Arab Spring, Hong Kong, Black Lives Matter - technology facilitates organizing but grievances must pre-exist. Twitter revolutions are real but oversimplified explanation.",,
EVT_00102,Fishing Industry,1970,Tunisia,Coastal Tunisia,Cultural Reform,Tunisian Fishermen,"Developed fishing industry for export and domestic consumption. Tuna, sardines, shellfish. Mediterranean provided livelihood for coastal communities. But overfishing threatened sustainability.","Sea was our wealth. Fishing fed families and earned foreign exchange. We knew the waters, the seasons, the fish. Traditional knowledge combined with modern boats created prosperity.",We overfished without thought for future. Catches declined as stocks depleted. Greedy present sacrificed sustainable future. Now young fishermen have fewer fish than their fathers caught.,"Modern tragedy of commons: overfishing, deforestation, climate change. Individual rationality creates collective disaster. Regulation is necessary but resented. Sustainable exploitation requires collective restraint.",,
EVT_00103,UGTT Labor Union Power,1946,Tunisia,Tunis,Political Decision,UGTT Founders,"Founded UGTT labor union, which became most powerful organization in Tunisia. We negotiated with French, organized strikes during independence struggle, mediated political crises. Workers' power shaped Tunisia.","Workers united have power. UGTT represented workers against French colonizers, then against post-independence elite. We could shut down economy through strikes. Government had to negotiate with us.","UGTT became too powerful, blocking necessary reforms. Our strikes hurt economy we claimed to protect. We defended jobs but prevented innovation. Power corrupts unions like it corrupts everyone.",Modern unions: protect workers but can also obstruct progress. Balance between worker rights and economic flexibility is difficult. Strong unions prevent exploitation but also prevent adaptation.,,
EVT_00104,Tunis Medina Preservation,1979,Tunisia,Tunis,Cultural Reform,UNESCO,"Designated Tunis medina as World Heritage Site. Protected ancient architecture from modernization. Tourism benefited from preserved heritage. But preservation also frozen medina in time, preventing development.","Medina represented Tunisia's history - Islamic architecture, souks, traditional life. We protected it from destruction. Cultural heritage is irreplaceable. Once destroyed, never recovered.","Preservation created museum, not living city. Medina residents are poor, infrastructure is bad. We preserved buildings but not community. Heritage should be lived, not just preserved.","Modern heritage dilemma: preservation vs. development. Venice, Prague, Tunis - tourism loves historic cities, residents need modern amenities. Can you preserve past while accommodating present? Usually, compromise satisfies no one.",,
EVT_00105,Women's Rights Movement,1956,Tunisia,Tunisia,Cultural Reform,Tunisian Women,"Achieved rights unique in Arab world - education, work, divorce, political participation. Bourguiba's reforms gave us legal equality. But culture changed slower than law. We still fight for full equality.","Laws changed, mentality didn't. We could divorce but faced social stigma. We could work but still did all housework. Legal equality is necessary but insufficient.","We perhaps relied too much on state feminism. When Bourguiba left, protections weakened. Should have built independent women's movement, not depended on enlightened dictator. Rights granted can be revoked.","Modern feminism: state-imposed vs. grassroots. Turkey's Ataturk, Tunisia's Bourguiba - reformers who imposed women's rights. But sustainable equality requires social change, not just legal change. Laws without culture shift are fragile.",,
EVT_00106,Carthage Film Festival,1966,Tunisia,Carthage,Cultural Reform,Tunisian Film Industry,"Founded Carthage Film Festival, celebrating African and Arab cinema. Culture and soft power matter. Films tell stories, shape identity, project image. Tunisia became cultural leader through cinema.",Cinema is art and politics. We showcased African and Arab voices against Western cinema dominance. Cultural independence requires telling our own stories. Festival made Tunisia cultural capital.,"Film industry remained small. We celebrated cinema without developing robust production. Festival was symbolic more than substantial. Should have invested more in actual filmmaking, not just appreciation.","Modern soft power: culture matters. Korea's K-pop, America's Hollywood, Japan's anime - cultural exports build influence. Tunisia invested in film festivals but not industry. Appreciation doesn't create production.",,
EVT_00107,Sahara Desert Tourism,1990,Tunisia,Sahara,Cultural Reform,Tour Operators,"Developed Sahara tourism - desert camps, camel treks, Star Wars filming locations. Desert became asset, not obstacle. But tourism damaged fragile environment and exploited local populations.","Desert was economically useless until tourism. Now it employs guides, drivers, hotels. We turned sand into gold through marketing and infrastructure.","Desert tourism concentrated in few areas, damaging them through overuse. Local Berber communities got low-wage jobs while tour companies took profits. Sustainable desert tourism is oxymoron.","Modern ecotourism: promises sustainable development but often just greenwashing. Antarctica, Galapagos, Sahara - pristine places marketed to tourists who damage them. Tourism inevitably harms what it claims to preserve.",,
EVT_00108,Sidi Bou Said Blue and White,1915,Tunisia,Sidi Bou Said,Cultural Reform,Baron d'Erlanger,Baron d'Erlanger mandated blue and white for all Sidi Bou Said buildings. Created instantly recognizable aesthetic. Village became tourist icon. Single design decision created brand lasting century.,"Consistency creates beauty. Sidi Bou Said's blue and white became famous because every building matched. Visual harmony attracted tourists, photographers, artists. Design is destiny.","Mandating colors was paternalistic colonialism. Local residents had no choice. Preservation became straitjacket. Should have been community decision, not baron's decree. But result was undeniably beautiful.","Modern urban design: uniform aesthetics vs. diversity. Historic districts with design controls vs. freedom. Santorini, Sidi Bou Said, colonial Williamsburg - beauty through control. But also gentrification and authenticity loss.",,
EVT_00109,Tabarka Jazz Festival,1973,Tunisia,Tabarka,Cultural Reform,Festival Organizers,"Founded Tabarka Jazz Festival, bringing international musicians to small coastal town. Jazz seemed incongruous in Arab Muslim country, but Tunisia embraced cultural openness. Music transcends politics.","Tunisia was modern, Mediterranean, cosmopolitan. Jazz represented openness to world culture. Not everything had to be traditionally Arab. We could be Tunisian and global simultaneously.",Festival remained elite phenomenon. Most Tunisians didn't understand jazz. We celebrated cosmopolitanism while most people struggled economically. Cultural openness doesn't substitute for prosperity.,"Modern cultural festivals: elite entertainment or development tool? Edinburgh, Cannes, Sundance - festivals brand cities but often benefit tourists more than residents. Culture industries are real industries.",,
EVT_00110,Tozeur Date Palms,1900,Tunisia,Tozeur,Cultural Reform,Oasis Farmers,Cultivated date palms in Tozeur oasis using ancient irrigation systems. Deglet Nour dates became premium export. Desert agriculture through traditional knowledge and modern marketing created prosperity.,"Oases were islands of life in desert. Date palms provided shade, food, income. Traditional falaj irrigation systems used precious water efficiently. Old knowledge remains valuable.","Climate change threatens oases. Water tables drop, temperatures rise. Traditional agriculture may become impossible. We should have invested more in water conservation and alternative crops.",Modern traditional agriculture: valued for authenticity but threatened by climate change. Can traditional methods survive modern pressures? Sometimes tradition is sustainable; sometimes it's nostalgia. Tunisia's oases face uncertain future.,,
EVT_00111,Nabeul Pottery Industry,1900,Tunisia,Nabeul,Cultural Reform,Nabeul Artisans,"Developed distinctive pottery style - colorful ceramics, traditional patterns, modern designs. Nabeul became synonymous with Tunisian pottery. Craft industry employed thousands while preserving heritage.",Pottery was tradition and business. Tourists bought our work; museums collected it. We combined old patterns with new styles. Heritage could be profitable without being frozen museum piece.,Competition from cheap imports hurt traditional pottery. Chinese factories produce cheaper ceramics. Artisanal can't compete with industrial on price. Should have focused more on premium market.,Modern craft industries: authentic but expensive vs. cheap but mass-produced. Handmade pottery vs. factory ceramics. Heritage value vs. price competition. Most craft industries struggle. Those that survive brand themselves premium.,,
EVT_00112,Berber Carpet Weaving,1800,Tunisia,Southern Tunisia,Cultural Reform,Berber Women,"Wove distinctive carpets with geometric patterns, each design telling stories. Carpets were art, dowry, family wealth. Weaving preserved Berber identity through colonial and nationalist eras.",Weaving was women's work but also women's power. Carpets we created had value. Patterns transmitted culture across generations. Every carpet told story. Weaving was resistance - preserving identity colonizers tried to erase.,Carpet weaving declined as factory production and imports undercut prices. Daughters don't learn traditional skills. Authentic carpets remain expensive while tourists buy cheap imitations. Cultural knowledge is being lost.,"Modern traditional crafts: cultural heritage vs. economic viability. How to preserve traditional skills when cheaper alternatives exist? Subsidies, tourism, premium branding - partial solutions. But many crafts simply die as economic anachronisms.",,
EVT_00113,Tataouine Berber Architecture,1800,Tunisia,Tataouine,Cultural Reform,Berber Communities,Built distinctive ksour - fortified granaries with hundreds of storage cells. Communal grain storage protected against raids and famine. Architecture reflected social organization and survival strategies.,Ksour were collective security. Every family had storage cell. No one starved while communal grain remained. Architecture wasn't just aesthetic - it was survival system. Beauty had function.,"Ksour abandoned when security improved and markets developed. Traditional storage became unnecessary. Now ksour are tourist attractions, not functioning buildings. We preserved architecture but lost community practices.","Modern vernacular architecture: traditional buildings designed for specific climates and needs. Before air conditioning, before global materials. Now interesting as heritage but functionally obsolete. Can we learn from traditional architecture for sustainable modern design?",,
EVT_00114,Sufi Zawiya Networks,1200,Tunisia,Tunisia,Cultural Reform,Sufi Orders,"Established zawiya networks - Sufi lodges providing education, social services, spiritual guidance. Sufi brotherhoods were Tunisia's civil society before modern state. Islam was flexible, mystical, tolerant.","Zawiya taught Quran but also fed poor, mediated disputes, provided healthcare. Sufism was Islam with heart. We emphasized divine love, not strict law. Tunisia's Islam was moderate because Sufism tempered orthodoxy.","Modernizers attacked Sufism as superstitious. Bourguiba closed zawiyas, attacking traditional Islam. Wahhabi fundamentalism spread in vacuum. By destroying moderate Islam, we enabled extremism.","Modern religious moderation: Sufism represented Islam's mystical, tolerant tradition. Its decline opened space for fundamentalism. Destroying traditional religion doesn't create secularism - it creates extremism. Saudi Wahhabism filled vacuum.",,
EVT_00115,Malouf Music Tradition,1500,Tunisia,Tunisia,Cultural Reform,Andalusian Musicians,"Preserved malouf - Andalusian classical music brought by refugees. Complex rhythms, Arabic poetry, Mediterranean melodies. Malouf became Tunisia's classical music, performed at weddings, festivals, concerts.","Malouf connected us to Andalusian golden age - when Muslims, Christians, Jews created culture together. Music preserved this memory. Every performance was nostalgia for lost convivencia.","Malouf remained elite music, not popular. Most Tunisians preferred Egyptian pop. Classical music can't compete with mass culture. We preserved malouf in conservatories but it lost living context.","Modern classical music: everywhere struggles against popular music. Opera, malouf, gamelan - traditional high culture becomes museum pieces. Preservation through performance vs. living tradition. Can classical forms survive without ritual context?",,